video_id,event_id,video_type,channel_id,title,published_at,view_count_at_screening,comment_count_at_screening,inclusion_reason,screened_by,screened_at_utc
M2_IXdb-uPw,E1,news,UCKQECjul8nw1KW_JzfBTP1A,Supreme Court To Rule On Texas Internet Porn Age Verification,2025-06-27T13:03:17Z,91685,260.0,no auto-flags; top view_count in event window (type quota applied),kien (accepted agent suggestions),2026-09-13T16:04:35Z
ejvEc-sZxYM,E1,news,UCEKJzGwBMDpmK51v5JIezUw,Supreme Court upholds law blocking children from seeing online pornography,2025-06-28T11:43:59Z,52386,460.0,no auto-flags; top view_count in event window (type quota applied),kien (accepted agent suggestions),2026-09-13T16:04:35Z
DEesCEOL0Xw,E1,news,UCKQECjul8nw1KW_JzfBTP1A,Supreme Court upholds Texas law aimed at age verification for viewing pornography online,2025-06-27T17:20:24Z,41376,186.0,no auto-flags; top view_count in event window (type quota applied),kien (accepted agent suggestions),2026-09-13T16:04:35Z
YLuTlPvAyM4,E1,news,UCmZJz1J64RD7Ur7tI09s-FA,Supreme Court upholds Texas age verification law for online porn,2025-06-28T04:23:29Z,32906,176.0,no auto-flags; top view_count in event window (type quota applied),kien (accepted agent suggestions),2026-09-13T16:04:35Z
3pzBa6XF-KM,E1,news,UC8p1vwvWtl6T73JiExfWs1g,Supreme Court upholds Texas law on age verification for pornography sites,2025-06-27T16:05:31Z,26303,143.0,no auto-flags; top view_count in event window (type quota applied),kien (accepted agent suggestions),2026-09-13T16:04:35Z
BryhTyrREGI,E1,news,UCBu0KdNokE4MqdkacvH37_A,"Supreme Court to make six decisions, including on Texas' age verification law for adult websites",2025-06-27T03:17:27Z,25177,37.0,no auto-flags; top view_count in event window (type quota applied),kien (accepted agent suggestions),2026-09-13T16:04:35Z
NVpzYOp9t1M,E1,news,UCruQg25yVBppUWjza8AlyZA,Supreme Court upholds Texas porn age-verification law: What it means,2025-06-27T17:14:47Z,24013,379.0,no auto-flags; top view_count in event window (type quota applied),kien (accepted agent suggestions),2026-09-13T16:04:35Z
zCJ5EPBxPLY,E1,news,UCgBVz3EzHYKpPS0BITvLRsg,US Supreme Court upholds Texas' age verification law,2025-06-27T17:01:36Z,21696,115.0,no auto-flags; top view_count in event window (type quota applied),kien (accepted agent suggestions),2026-09-13T16:04:35Z
4koS_iZTYnM,E1,news,UCxMXl9L79X1Mq_4iwCOyPFg,U.S. Supreme Court upholds Texas law requiring age checks on porn sites,2025-06-27T21:17:38Z,16574,72.0,no auto-flags; top view_count in event window (type quota applied),kien (accepted agent suggestions),2026-09-13T16:04:35Z
jNaHweNC2RU,E1,news,UCruQg25yVBppUWjza8AlyZA,Supreme Court upholds Texas law requiring age verification for porn sites,2025-06-27T23:07:48Z,9390,59.0,no auto-flags; top view_count in event window (type quota applied),kien (accepted agent suggestions),2026-09-13T16:04:35Z
rH4Tgap_sOM,E1,commentary,UCKgJEs_v0JB-6jWb8lIy9Xw,SCOTUS Just Made a MAJOR Ruling on America's Sleaziest Website,2025-07-01T17:01:31Z,6496,78.0,no auto-flags; top view_count in event window (type quota applied),kien (accepted agent suggestions),2026-09-13T16:04:35Z
QWUG4ypPEIg,E1,commentary,UCd6gS8Fv_z3ABQ6lXo-rciQ,The Problem With Age Verification Laws - Part 2,2025-07-12T11:39:24Z,2583,25.0,agent review: policy commentary by adult-industry creator; expect sensitive comments (flag at cleaning),kien (accepted agent suggestions),2026-09-13T16:04:35Z
b8ThuXUZmyM,E1,commentary,UCcqjjQk7BINIdc5X44aHzaA,Ken Paxton: Protecting Children from P*rn,2025-06-30T15:01:07Z,1626,24.0,no auto-flags; top view_count in event window (type quota applied),kien (accepted agent suggestions),2026-09-13T16:04:35Z
RuldVkt3EyU,E2,commentary,UCpLB7kBu9O5dbBKhaIOmqcQ,New UK Law Requires You to Submit Your ID to Use Social Media,2025-08-05T01:00:20Z,867307,2354.0,no auto-flags; top view_count in event window (type quota applied),kien (accepted agent suggestions),2026-09-13T16:04:35Z
H7qwdn66xwM,E2,commentary,UCSgTfFfu6aBjl7S5i0Tx1zg,have you successfully tricked the photo age verification face scan? 😅  #vpn  #faceid,2025-08-04T14:30:06Z,624421,140.0,no auto-flags; top view_count in event window (type quota applied),kien (accepted agent suggestions),2026-09-13T16:04:35Z
5-HTXXQxHKQ,E2,commentary,UCtt9ePWXFDj3Xsq2DAStvNA,how to bypass age verification in diskord #england  #bypass  #discord #age #protection #meme #humor,2025-07-31T11:37:44Z,454443,223.0,no auto-flags; top view_count in event window (type quota applied),kien (accepted agent suggestions),2026-09-13T16:04:35Z
hCIo1IyykLQ,E2,commentary,UCT7H_xchRHaT9zr5GalIZVA,The Truth About Those Age Verification Pop-Ups,2025-08-10T22:00:56Z,387267,3396.0,no auto-flags; top view_count in event window (type quota applied),kien (accepted agent suggestions),2026-09-13T16:04:35Z
dUZheltpZbE,E2,commentary,UCefetlLJi12_fA369geOBTw,Reddit Age Verification Bypass Attempt,2025-07-24T17:07:30Z,360758,179.0,no auto-flags; top view_count in event window (type quota applied),kien (accepted agent suggestions),2026-09-13T16:04:35Z
jCNOCZ7AYNQ,E2,commentary,UCXJWKuGh0qedrYviGEJmlWw,How to Unblock Age Verification Restrictions in the UK for Adult Content,2025-07-26T01:55:19Z,345194,332.0,no auto-flags; top view_count in event window (type quota applied),kien (accepted agent suggestions),2026-09-13T16:04:35Z
tAd-OOrdyMw,E2,commentary,UCJVXj8BvHykEklEeKjFwaXQ,Why The Internet REALLY Wants Your ID... (and why now?),2025-08-06T14:16:32Z,313707,3387.0,no auto-flags; top view_count in event window (type quota applied),kien (accepted agent suggestions),2026-09-13T16:04:35Z
wmHwhhtCI7c,E2,news,UCSMqateX8OA2s1wsOR2EgJA,The UK’s Porn Ban Explained,2025-07-30T09:30:44Z,312142,2045.0,no auto-flags; top view_count in event window (type quota applied),kien (accepted agent suggestions),2026-09-13T16:04:35Z
Vfve9jbVU48,E2,commentary,UCP7WmQ_U4GB3K51Od9QvM0w,How the UK KILLED Privacy: The Online Safety Act Nightmare,2025-08-02T14:00:46Z,300632,3598.0,no auto-flags; top view_count in event window (type quota applied),kien (accepted agent suggestions),2026-09-13T16:04:35Z
krM3DPAfiB0,E2,news,UC0vn8ISa4LKMunLbzaXLnOQ,'Starmer is Outsourcing Censorship!' | Online Safety Act an 'Assault on Free Speech!' by Labour?,2025-07-27T05:00:50Z,127693,1765.0,no auto-flags; top view_count in event window (type quota applied),kien (accepted agent suggestions),2026-09-13T16:04:35Z
tC1BoaqpMzY,E2,news,UCHpw8xwDNhU9gdohEcJu4aA,Opposing the UK’s new online safety law doesn’t put me on the side of predators,2025-08-11T11:01:33Z,114821,704.0,no auto-flags; top view_count in event window (type quota applied),kien (accepted agent suggestions),2026-09-13T16:04:35Z
QiR7aQs3JTU,E2,tech_explainer,UCs6KfncB4OV6Vug4o_bzijg,Age Verification Is Ending Anonymous Browsing (What You Can Do),2025-07-29T05:00:40Z,105016,1107.0,no auto-flags; top view_count in event window (type quota applied),kien (accepted agent suggestions),2026-09-13T16:04:35Z
_bZC06-YIJM,E2,news,UCTrQ7HXWRRxr7OsOtodr2_w,Porn site traffic plunges due to age check rules,2025-08-14T17:03:07Z,103081,28.0,no auto-flags; top view_count in event window (type quota applied),kien (accepted agent suggestions),2026-09-13T16:04:35Z
ymLVVMQvrt4,E2,commentary,UCe02lGcO-ahAURWuxAJnjdA,Age Verification FAILS As Kids Use DEATH STRANDING To Make Fake Adult Face Scans | Tim Pool,2025-07-31T17:01:21Z,102383,956.0,no auto-flags; top view_count in event window (type quota applied),kien (accepted agent suggestions),2026-09-13T16:04:35Z
aKptUjvEO9A,E2,commentary,UCUWhqBJfvkZogLBxFttN4_g,The Internet Apocalypse Is Here,2025-07-31T21:13:01Z,100913,1331.0,no auto-flags; top view_count in event window (type quota applied),kien (accepted agent suggestions),2026-09-13T16:04:35Z
-dC3hDk2nuw,E2,commentary,UCgxTzheaisuVzk9iH52eLsw,The stats are in #ageverification #vpn #greatbritain #unitedkingdom #appstore #relatable,2025-07-31T07:06:03Z,99108,195.0,no auto-flags; top view_count in event window (type quota applied),kien (accepted agent suggestions),2026-09-13T16:04:35Z
WS1MC7bXRG0,E2,commentary,UCcNPbOeFo-qM0wpis8Lwdig,AGE VERIFICATION SUCKS,2025-07-29T16:08:08Z,95967,1046.0,no auto-flags; top view_count in event window (type quota applied),kien (accepted agent suggestions),2026-09-13T16:04:35Z
ScAbRQpROaQ,E2,tech_explainer,UCWBiZiHl7bL9s1kuDlzGEHA,Discord age verification using Sam from Death Stranding | #discord,2025-07-25T19:19:29Z,80973,79.0,no auto-flags; top view_count in event window (type quota applied),kien (accepted agent suggestions),2026-09-13T16:04:35Z
9kv3MviZ5N4,E2,commentary,UCqygaV0tqBVDBBverQrv74g,Teens have found a way around the new UK age verification laws using Death Strandings photo mode!...,2025-07-28T11:04:22Z,79195,100.0,no auto-flags; top view_count in event window (type quota applied),kien (accepted agent suggestions),2026-09-13T16:04:35Z
WEb8k9yRu0U,E2,news,UC0vn8ISa4LKMunLbzaXLnOQ,Nigel Farage Hits Back At Peter Kyle as Online Safety Act Branded Major 'Threat' to Free Speech,2025-07-29T19:30:53Z,76686,893.0,no auto-flags; top view_count in event window (type quota applied),kien (accepted agent suggestions),2026-09-13T16:04:35Z
uSliYzklo1w,E2,news,UCoMdktPbSTixAyNGwb-UYkQ,UK enforces new age verification system: Does it actually work?,2025-07-26T17:06:57Z,74191,475.0,no auto-flags; top view_count in event window (type quota applied),kien (accepted agent suggestions),2026-09-13T16:04:35Z
bJ3TI69QR90,E2,commentary,UCvF3C7NCZBHuE9iJvmsxO3w,UK Gooning Lockdown Got Worse - Bubble Brief,2025-07-28T23:46:33Z,69031,1171.0,no auto-flags; top view_count in event window (type quota applied),kien (accepted agent suggestions),2026-09-13T16:04:35Z
Jj9sMJfJido,E2,commentary,UC9QJZg8L2o85vJK0uSk4EYA,Age Verification IS COMING #asmongold #shorts #clips,2025-08-05T16:30:10Z,60554,310.0,no auto-flags; top view_count in event window (type quota applied),kien (accepted agent suggestions),2026-09-13T16:04:35Z
mPXRRjsTtAQ,E2,news,UCEiH9wAwqMVbPqz-RHp0xMg,Why the Online Safety Act has become a political nightmare for Labour,2025-08-13T10:38:05Z,58458,842.0,no auto-flags; top view_count in event window (type quota applied),kien (accepted agent suggestions),2026-09-13T16:04:35Z
hwHOdUYIw2c,E2,commentary,UCP7WmQ_U4GB3K51Od9QvM0w,All are equal... except UK MPs,2025-08-08T18:31:03Z,56994,265.0,no auto-flags; top view_count in event window (type quota applied),kien (accepted agent suggestions),2026-09-13T16:04:35Z
dhDowhkLer8,E2,news,UC2DHAQOeEg-Z-4trARDXHRA,UK online safety age verification backlash | UK Politics | The New Statesman,2025-08-01T16:01:10Z,56568,666.0,no auto-flags; top view_count in event window (type quota applied),kien (accepted agent suggestions),2026-09-13T16:04:35Z
taFAb24BZXA,E2,commentary,UChtvHgwWVfonbdqNl7iU4mw,They RUINED The Internet | IT WAS NEVER ABOUT CHILD SAFETY,2025-07-30T18:33:22Z,56123,949.0,no auto-flags; top view_count in event window (type quota applied),kien (accepted agent suggestions),2026-09-13T16:04:35Z
NCiPX-UnAGY,E2,tech_explainer,UCGgCFGvA4dkvRBF4Lwir_Gw,They want AGE VERIFICATION for MUSIC!,2025-07-30T18:50:10Z,55553,1303.0,no auto-flags; top view_count in event window (type quota applied),kien (accepted agent suggestions),2026-09-13T16:04:35Z
IDD6KWizzJE,E2,commentary,UCPutt1GoqzIasCLmpY4ba0Q,"Mr Beast is About to Lose 70% of his Audience to the ONLINE SAFETY ACT, he doesn't care.",2025-08-10T15:03:43Z,52409,870.0,no auto-flags; top view_count in event window (type quota applied),kien (accepted agent suggestions),2026-09-13T16:04:35Z
SCQ2fNM3dzM,E2,tech_explainer,UCkdcMW5DrW-R840Ye0M3EHA,How to Verify Age on X/Twitter | Bypass X Age Verification in Seconds! [Full Guide],2025-08-04T15:00:46Z,49037,46.0,no auto-flags; top view_count in event window (type quota applied),kien (accepted agent suggestions),2026-09-13T16:04:35Z
acOSLEyCVE4,E2,commentary,UC0jJMyy2fu1mk2McRcEqfRA,"How to Bypass Online Age Restrictions on Social Media, Reddit & More (Australians MUST Watch)",2025-08-08T21:07:01Z,48559,44.0,no auto-flags; top view_count in event window (type quota applied),kien (accepted agent suggestions),2026-09-13T16:04:35Z
-jf3iV1MAqk,E2,commentary,UC2ZlTEFAKb9Qvgw4r_aCztg,The UK Government Just Declared War on Privacy,2025-08-04T10:15:00Z,44890,923.0,no auto-flags; top view_count in event window (type quota applied),kien (accepted agent suggestions),2026-09-13T16:04:35Z
Do-Ikv4PE28,E2,commentary,UCL5ZjPWL3o19MC6rxEATk6w,Why Britain's New Law is Actually Censorship,2025-08-13T10:13:54Z,44213,844.0,no auto-flags; top view_count in event window (type quota applied),kien (accepted agent suggestions),2026-09-13T16:04:35Z
1-yApNMSRLk,E2,news,UCFQgi22Ht00CpaOQLtvZx2A,Furious row breaks out between Farage and minister over 'Jimmy Savile' comment | ITV News,2025-07-29T11:05:17Z,42386,404.0,no auto-flags; top view_count in event window (type quota applied),kien (accepted agent suggestions),2026-09-13T16:04:35Z
-d94npc710c,E2,commentary,UCP7WmQ_U4GB3K51Od9QvM0w,Death Stranding Photo Mode Beats Discord Age Check,2025-08-03T16:30:00Z,39552,47.0,no auto-flags; top view_count in event window (type quota applied),kien (accepted agent suggestions),2026-09-13T16:04:35Z
M3JRuAh4jeY,E2,news,UCoMdktPbSTixAyNGwb-UYkQ,Reform UK pledges to repeal Online Safety Act if elected to government,2025-07-28T11:05:56Z,37519,305.0,no auto-flags; top view_count in event window (type quota applied),kien (accepted agent suggestions),2026-09-13T16:04:35Z
1S4-j7KCvPs,E2,tech_explainer,UCEA9ROzwUTy6t-QdLuWrjnw,Internet Age Verification | How to Bypass ID Scans & Keep Your Privacy,2025-08-13T20:00:02Z,37035,25.0,no auto-flags; top view_count in event window (type quota applied),kien (accepted agent suggestions),2026-09-13T16:04:35Z
weh9fs7h4WE,E2,tech_explainer,UCEA9ROzwUTy6t-QdLuWrjnw,"How to Bypass Online Age Verifications in 2026 (Australia, UK, France & More)",2025-08-08T15:45:21Z,35927,32.0,no auto-flags; top view_count in event window (type quota applied),kien (accepted agent suggestions),2026-09-13T16:04:35Z
hVkuYdjFoVI,E2,commentary,UC7Q4rvzJDbHeBHYk5rnvZeA,Meet the Creepy Pro-Trump Billionaire Profiting Off of Internet Censorship,2025-08-07T14:59:57Z,34913,781.0,agent review: title ambiguous — Kien to confirm it is about age verification,kien (accepted agent suggestions),2026-09-13T16:04:35Z
FkzhgL2dTEo,E2,commentary,UC2zHTbaismiqprcocXoYxOA,Repeal The Online Safety Act,2025-07-26T16:09:08Z,34774,769.0,no auto-flags; top view_count in event window (type quota applied),kien (accepted agent suggestions),2026-09-13T16:04:35Z
GgmcqmpQXII,E2,commentary,UC7CNLzuj7xJl3PM0QxqssPQ,Covid 2.0 is here. It’s called Age Verification.,2025-08-05T18:30:19Z,33978,566.0,no auto-flags; top view_count in event window (type quota applied),kien (accepted agent suggestions),2026-09-13T16:04:35Z
MvLcd5eEYtk,E2,commentary,UCih0X9u7oBsYQA_wys_XrZQ,UK Online Safety Act Just Killed Online Freedom ,2025-07-26T19:35:40Z,32426,1037.0,no auto-flags; top view_count in event window (type quota applied),kien (accepted agent suggestions),2026-09-13T16:04:35Z
cPidIdi9OeY,E2,commentary,UCKVW7yfpFSz9BRNBgryX_yw,The UK Government Just Made a MASSIVE Mistake | IEA Podcast,2025-08-01T13:01:11Z,32032,285.0,no auto-flags; top view_count in event window (type quota applied),kien (accepted agent suggestions),2026-09-13T16:04:35Z
UD2sfpBla1U,E2,commentary,UCP7WmQ_U4GB3K51Od9QvM0w,This Law Could KILL Internet Freedom,2025-08-13T16:30:11Z,28951,172.0,no auto-flags; top view_count in event window (type quota applied),kien (accepted agent suggestions),2026-09-13T16:04:35Z
R-MhRSMTGSw,E2,commentary,UCiHFS5txB0O7jckRk-oK8XQ,You Must SCAN ID to Play GTA6 or ANY XBOX GAME?!,2025-08-06T16:01:47Z,28039,1142.0,no auto-flags; top view_count in event window (type quota applied),kien (accepted agent suggestions),2026-09-13T16:04:35Z
HPq7fJrtsvo,E2,commentary,UCQtEIMnABKkglAlrASZ4p9w,He said we need an Internet Government ID??,2025-08-02T14:45:02Z,27941,820.0,no auto-flags; top view_count in event window (type quota applied),kien (accepted agent suggestions),2026-09-13T16:04:35Z
jKphHFLaWfA,E2,commentary,UC0jJMyy2fu1mk2McRcEqfRA,"Age Verification Nightmare: Spotify, Reddit, X Demand Your ID!",2025-08-12T20:00:27Z,27875,38.0,no auto-flags; top view_count in event window (type quota applied),kien (accepted agent suggestions),2026-09-13T16:04:35Z
axRAwPTdHlw,E2,commentary,UCyzkxMLeZDcd_Qhzh6uMgbg,Breaking down the Online Safety Act,2025-07-28T12:03:41Z,26404,351.0,agent review: backfill — explainer of the Online Safety Act,kien (accepted agent suggestions),2026-09-13T16:04:35Z
7hEUklEmXy8,E2,commentary,UChtvHgwWVfonbdqNl7iU4mw,"UK Want ID Checks EVERYWHERE | YOUTUBE, GTA 6, SPOTIFY & GOOGLE",2025-08-12T17:00:13Z,26154,518.0,agent review: backfill — UK ID checks across platforms,kien (accepted agent suggestions),2026-09-13T16:04:35Z
S1JSYKlRpBU,E2,commentary,UC8RJExf7iNpV6tp6hvNtwww,Uk Responds To Petion On Repealing The Online Safety Act,2025-07-28T20:16:10Z,24123,676.0,agent review: backfill — government response to OSA repeal petition,kien (accepted agent suggestions),2026-09-13T16:04:35Z
bl2P7wWZPHE,E3,commentary,UCpLB7kBu9O5dbBKhaIOmqcQ,Australia Social Media Ban Takes Effect,2025-12-09T20:30:48Z,473056,2901.0,no auto-flags; top view_count in event window (type quota applied),kien (accepted agent suggestions),2026-09-13T16:04:35Z
ZxRB5qWphJE,E3,commentary,UCKRw8GAAtm27q4R3Q0kst_g,Honest Government Ad | Social Media Ban,2025-12-08T03:19:46Z,469412,4164.0,no auto-flags; top view_count in event window (type quota applied),kien (accepted agent suggestions),2026-09-13T16:04:35Z
Wynwkbzohr4,E3,commentary,UCi7wDE2ZTiR5QYYrUY5WhtA,Australia’s under 16 social media ban is a good idea #carterpcs #tech #australiasocialmediaban,2025-12-09T17:01:24Z,420579,731.0,no auto-flags; top view_count in event window (type quota applied),kien (accepted agent suggestions),2026-09-13T16:04:35Z
w2oME-RCXtE,E3,news,UCJg9wBPyKMNA5sRDnvzmkdg,Australia's social media ban will take effect,2025-12-09T13:39:41Z,242573,2384.0,no auto-flags; top view_count in event window (type quota applied),kien (accepted agent suggestions),2026-09-13T16:04:35Z
j2n7TpKoYEI,E3,commentary,UCmvEskuMLOY4lPdInNbgulw,Aussie kids after the social media ban #thesimpsons #90s #socialmedia,2025-12-10T06:53:24Z,199980,111.0,no auto-flags; top view_count in event window (type quota applied),kien (accepted agent suggestions),2026-09-13T16:04:35Z
S5mWNDSCWlQ,E3,news,UC0L1suV8pVgO4pCAIBNGx5w,Will the world-first social media ban work? | 60 Minutes Australia,2025-12-09T19:00:35Z,195474,769.0,no auto-flags; top view_count in event window (type quota applied),kien (accepted agent suggestions),2026-09-13T16:04:35Z
MkDAXsF4oXA,E3,news,UC16niRr50-MSBwiO3YDb3RA,Australia's social media ban for children has left big tech scrambling | BBC News,2025-12-09T12:00:54Z,172551,1481.0,no auto-flags; top view_count in event window (type quota applied),kien (accepted agent suggestions),2026-09-13T16:04:35Z
Tcss7vmV5DA,E3,news,UCBi2mrWuNuyYy4gbM6fU18Q,World reacts to 1st nationwide youth social media ban,2025-12-13T15:45:03Z,160850,3237.0,no auto-flags; top view_count in event window (type quota applied),kien (accepted agent suggestions),2026-09-13T16:04:35Z
NjouMumQM9Q,E3,news,UCTOoRgpHTjAQPk6Ak70u-pA,"A first-of-its-kind social media ban for kids takes effect | December 10, 2025",2025-12-10T03:00:37Z,158663,867.0,no auto-flags; top view_count in event window (type quota applied),kien (accepted agent suggestions),2026-09-13T16:04:35Z
oaBt0J5Zj0U,E3,news,UC52X5wxOL_s5yw0dQk7NtgA,Some children in Australia worry as world-first social media ban takes effect,2025-12-09T18:17:12Z,127954,1654.0,no auto-flags; top view_count in event window (type quota applied),kien (accepted agent suggestions),2026-09-13T16:04:35Z
ZAzFCwCkAgI,E3,news,UC-uhvujip5deVcEtLxnW8qg,Why Australia Is Banning Social Media for Under-16s,2025-12-09T15:30:33Z,126596,1591.0,no auto-flags; top view_count in event window (type quota applied),kien (accepted agent suggestions),2026-09-13T16:04:35Z
nlc828IhNI4,E3,news,UCupvZG-5ko_eiXAupbDfxWw,Millions of Australian children just lost social media. What is happening?,2025-12-09T19:25:00Z,121439,2764.0,no auto-flags; top view_count in event window (type quota applied),kien (accepted agent suggestions),2026-09-13T16:04:35Z
bD95K3h_nDw,E3,news,UCkBS_xU1WQ7FVsDoQ_OPeDg,Australian social media ban for kids under 16 takes effect,2025-12-09T22:49:09Z,105139,667.0,no auto-flags; top view_count in event window (type quota applied),kien (accepted agent suggestions),2026-09-13T16:04:35Z
84oN0vl2IYc,E3,commentary,UCtj7iOlW_b8phoC8S4jojfg,Australian Internet ID Verification Rollout Begins – Here's What Happens Next!,2025-12-06T07:00:06Z,104872,2538.0,no auto-flags; top view_count in event window (type quota applied),kien (accepted agent suggestions),2026-09-13T16:04:35Z
sxOeBndCA4c,E3,news,UCHaHD477h-FeBbVh9Sh7syA,Australia teen social media ban: BBC Learning English from the News,2025-12-17T13:04:54Z,102364,81.0,no auto-flags; top view_count in event window (type quota applied),kien (accepted agent suggestions),2026-09-13T16:04:35Z
RZqBtJJrLHE,E3,news,UCK7tptUDHh-RYDsdxO1-5QQ,Australia Just Banned Teens From Social Media. Here’s What They Think | WSJ,2025-12-10T05:43:15Z,91238,713.0,no auto-flags; top view_count in event window (type quota applied),kien (accepted agent suggestions),2026-09-13T16:04:35Z
-QQzTDNFH3s,E3,news,UCupvZG-5ko_eiXAupbDfxWw,Australia begins its social media ban for under-16s,2025-12-09T20:08:35Z,89864,762.0,no auto-flags; top view_count in event window (type quota applied),kien (accepted agent suggestions),2026-09-13T16:04:35Z
ybMIuNU1Gy0,E3,commentary,UCfZE3QN9ZJuvwvAg7A0aTEA,YouTube CALLS OUT Australia's New Law!,2025-12-06T21:00:17Z,81725,1914.0,no auto-flags; top view_count in event window (type quota applied),kien (accepted agent suggestions),2026-09-13T16:04:35Z
pPUODn3atDc,E3,news,UC5T7D-Dh1eDGtsAFCuwv_Sw,'Can't message my friends anymore': Australia's youth react to social media ban | 7NEWS,2025-12-10T06:18:43Z,80384,1636.0,no auto-flags; top view_count in event window (type quota applied),kien (accepted agent suggestions),2026-09-13T16:04:35Z
ZNv05ncFGlI,E3,commentary,UCshoKvlZGZ20rVgazZp5vnQ,Social Media Is Being Banned,2025-12-11T00:15:02Z,76298,1258.0,no auto-flags; top view_count in event window (type quota applied),kien (accepted agent suggestions),2026-09-13T16:04:35Z
sb72zlTC78c,E3,news,UC5bKZHg4PzURMOWcvanl6nA,Australia bans social media platforms for kids under 16 | FOX 13 Seattle,2025-12-05T02:04:52Z,67699,784.0,no auto-flags; top view_count in event window (type quota applied),kien (accepted agent suggestions),2026-09-13T16:04:35Z
aD4c-eLcPsQ,E3,news,UCBi2mrWuNuyYy4gbM6fU18Q,Why did Australia ban social media for kids under 16?,2025-12-14T01:00:01Z,60665,417.0,no auto-flags; top view_count in event window (type quota applied),kien (accepted agent suggestions),2026-09-13T16:04:35Z
Y55f-kzYMLY,E3,news,UCP6HGa63sBC7-KHtkme-p-g,Australia becomes first country to ban social media for kids under 16,2025-12-09T21:13:26Z,59106,944.0,no auto-flags; top view_count in event window (type quota applied),kien (accepted agent suggestions),2026-09-13T16:04:35Z
oF7IjnncbwM,E3,commentary,UCepq9z9ovYGxhNrvf6VMSjg,Australia Banned Social Media For Kids,2025-12-06T01:01:24Z,58184,128.0,no auto-flags; top view_count in event window (type quota applied),kien (accepted agent suggestions),2026-09-13T16:04:35Z
pwKEif4pS7o,E3,news,UCO0akufu9MOzyz3nvGIXAAw,Under-16s social media ban ‘completely overrides the will of parents’,2025-12-04T10:29:56Z,55001,1199.0,no auto-flags; top view_count in event window (type quota applied),kien (accepted agent suggestions),2026-09-13T16:04:35Z
yaecR4P7CdA,E3,news,UCupvZG-5ko_eiXAupbDfxWw,Parents of girl bullied online react to social media ban,2025-12-10T11:15:52Z,48412,386.0,no auto-flags; top view_count in event window (type quota applied),kien (accepted agent suggestions),2026-09-13T16:04:35Z
wMmIAu5TjpU,E3,news,UCQXHTFnQYFTqN0MqmNh9EIA,Is banning children from social media smart or extreme? - Asia Specific podcast - BBC World Service,2025-12-06T00:01:18Z,44838,68.0,no auto-flags; top view_count in event window (type quota applied),kien (accepted agent suggestions),2026-09-13T16:04:35Z
KHSpPOXBrRA,E3,news,UC16niRr50-MSBwiO3YDb3RA,Australian PM's message to under-16s ahead of social media ban. #Australia #BBCNews,2025-12-09T12:10:24Z,40418,220.0,no auto-flags; top view_count in event window (type quota applied),kien (accepted agent suggestions),2026-09-13T16:04:35Z
HVXVjtDN5Mo,E3,news,UCCgQaXjsJ6EdFPZeTFQoSyw,"Australia bans social media for Under-16s, YouTube says it's ""less safe"".",2025-12-04T11:00:38Z,40300,122.0,no auto-flags; top view_count in event window (type quota applied),kien (accepted agent suggestions),2026-09-13T16:04:35Z
CngsXHFsg2E,E3,news,UCupvZG-5ko_eiXAupbDfxWw,Teens fight Australia’s social media ban in court,2025-12-09T12:59:53Z,40104,463.0,no auto-flags; top view_count in event window (type quota applied),kien (accepted agent suggestions),2026-09-13T16:04:35Z
kloKQBtYggY,E3,news,UC6B3kmCZJc7YMG-948t6M7w,Social media ban for children under 16 begins in Australia,2025-12-10T13:01:45Z,38601,387.0,no auto-flags; top view_count in event window (type quota applied),kien (accepted agent suggestions),2026-09-13T16:04:35Z
34qMlg1Rdpw,E3,commentary,UCwW_vaMPlq8J4weKDsfeJzw,Australia Just BANNED Social Media for Teens 🚨 Deploy the Fun Police 👮,2025-12-12T12:10:27Z,36133,1283.0,no auto-flags; top view_count in event window (type quota applied),kien (accepted agent suggestions),2026-09-13T16:04:35Z
Gdsfz_te1Q4,E3,news,UCNye-wNBqNL5ZzHSJj3l8Bg,Australian social media ban aims to 'save teens from predatory algorithms' | AJ#shorts,2025-12-03T07:07:30Z,35319,117.0,no auto-flags; top view_count in event window (type quota applied),kien (accepted agent suggestions),2026-09-13T16:04:35Z
Q0ZZZGpU66c,E3,commentary,UChY0XhcYIQ4Kgo_T0v0NIdQ,Australia Set To Ban Kids Under 16 From Social Media!! Finally Some Protection For Kids Online!,2025-12-08T11:00:52Z,33877,612.0,no auto-flags; top view_count in event window (type quota applied),kien (accepted agent suggestions),2026-09-13T16:04:35Z
eiT5bjQo-wM,E3,news,UCE2606prvXQc_noEqKxVJXA,Social media companies warn Australian teenagers of upcoming ban | ABS-CBN News,2025-12-09T14:32:01Z,29596,46.0,no auto-flags; top view_count in event window (type quota applied),kien (accepted agent suggestions),2026-09-13T16:04:35Z
LI6WVbvVhbo,E3,commentary,UCOzMAa6IhV6uwYQATYG_2kg,This Is The Most Important Policy In The World Right Now,2025-12-11T11:00:43Z,28237,604.0,no auto-flags; top view_count in event window (type quota applied),kien (accepted agent suggestions),2026-09-13T16:04:35Z
Kb662RtB80E,E3,news,UCIYLOcEUX6TbBo7HQVF2PKA,Aussie kids react to under-16 social media ban | 9 News Australia,2025-12-10T02:22:49Z,28068,89.0,no auto-flags; top view_count in event window (type quota applied),kien (accepted agent suggestions),2026-09-13T16:04:35Z
N-NoJbjEN2U,E3,news,UCupvZG-5ko_eiXAupbDfxWw,Australia's new ban on social media takes effect,2025-12-11T04:45:06Z,26928,332.0,no auto-flags; top view_count in event window (type quota applied),kien (accepted agent suggestions),2026-09-13T16:04:35Z
XqodkJi_XiA,E3,news,UCupvZG-5ko_eiXAupbDfxWw,Tapper presses expert on benefits of kids’ social media ban,2025-12-11T08:16:02Z,26357,84.0,no auto-flags; top view_count in event window (type quota applied),kien (accepted agent suggestions),2026-09-13T16:04:35Z
kTp39c7LO1o,E3,news,UChjd5M1K5Y3vQLgmIveZyzg,Australia’s under-16 social ban: How it works,2025-12-08T07:00:44Z,25524,36.0,no auto-flags; top view_count in event window (type quota applied),kien (accepted agent suggestions),2026-09-13T16:04:35Z
GeJsC9_f0Y8,E3,news,UCIYLOcEUX6TbBo7HQVF2PKA,World reacts to Australia's under-16 social media ban | 9 News Australia,2025-12-10T01:43:10Z,25300,95.0,no auto-flags; top view_count in event window (type quota applied),kien (accepted agent suggestions),2026-09-13T16:04:35Z
UMxrsqRD5_8,E3,news,UCAeWdyKJXGWmVAXFpgLNNTg,Australia's social media ban takes effect for kids under 16,2025-12-10T01:30:30Z,25049,126.0,no auto-flags; top view_count in event window (type quota applied),kien (accepted agent suggestions),2026-09-13T16:04:35Z
4qJrriu3JGI,E3,commentary,UCih0X9u7oBsYQA_wys_XrZQ,LOOPHOLE: Australia's INSANE Under-16s Social Media BAN Skips BlueSky!,2025-12-06T21:28:32Z,24786,902.0,no auto-flags; top view_count in event window (type quota applied),kien (accepted agent suggestions),2026-09-13T16:04:35Z
it-6C40mn3Y,E3,commentary,UCqZNY2-kcjtf6e_wQa54Wtw,Australia Just Banned Social Media for Kids Under 16 💀📉#rblx #roblox #robloxrant #robloxobby #memes,2025-12-04T00:00:56Z,22747,39.0,no auto-flags; top view_count in event window (type quota applied),kien (accepted agent suggestions),2026-09-13T16:04:35Z
-gP904v10KU,E3,commentary,UCtj7iOlW_b8phoC8S4jojfg,Australia's Under-16 Social Media Ban: Epic Fail So Far – Kids vs. Government!,2025-12-14T02:17:55Z,22227,502.0,no auto-flags; top view_count in event window (type quota applied),kien (accepted agent suggestions),2026-09-13T16:04:35Z
oSf6NZEXx1o,E3,news,UCi4fcBVyo4CAnmdgXeO-NvA,World's first ban on social media for children in effect in Australia,2025-12-10T04:17:36Z,22091,144.0,no auto-flags; top view_count in event window (type quota applied),kien (accepted agent suggestions),2026-09-13T16:04:35Z
MaJXtR29Yuc,E3,news,UC5T7D-Dh1eDGtsAFCuwv_Sw,"LinkedIn, Yope, Lemon8 could be included in Australia's social media ban for under-16s",2025-12-03T03:38:52Z,20183,61.0,no auto-flags; top view_count in event window (type quota applied),kien (accepted agent suggestions),2026-09-13T16:04:35Z
nF7O2DDNNns,E3,news,UCz8QaiQxApLq8sLNcszYyJw,"Australia's Under-16 Social Media Ban Begins, Teens Call it ""Pointless"" | Vantage with Palki Sharma",2025-12-10T17:39:31Z,19602,130.0,no auto-flags; top view_count in event window (type quota applied),kien (accepted agent suggestions),2026-09-13T16:04:35Z
wvJBpP1thyM,E3,news,UCH1oRy1dINbMVp3UFWrKP0w,World reacts to 1st nationwide youth social media ban,2025-12-13T17:30:29Z,19017,129.0,no auto-flags; top view_count in event window (type quota applied),kien (accepted agent suggestions),2026-09-13T16:04:35Z
qmTj_e6mib8,E3,commentary,UCa3kU1spOTWHDmCxterTqIg,Billionaires love the under 16 Social Media Ban | The West Report,2025-12-11T04:10:39Z,18094,582.0,no auto-flags; top view_count in event window (type quota applied),kien (accepted agent suggestions),2026-09-13T16:04:35Z
S7C9ezwH9Ok,E4,commentary,UCp38w5n099xkvoqciOaeFag,"The UK Is Officially A Dystopia, And We're Next",2026-02-06T10:15:03Z,80956,726.0,no auto-flags; top view_count in event window (type quota applied),kien (accepted agent suggestions),2026-09-13T16:04:35Z
SPnrHwIMdOg,E4,tech_explainer,UCGgCFGvA4dkvRBF4Lwir_Gw,THE VPN BAN GOT WORSE!,2026-01-31T09:24:43Z,64705,1176.0,no auto-flags; top view_count in event window (type quota applied),kien (accepted agent suggestions),2026-09-13T16:04:35Z
ekftqcA4xD4,E4,commentary,UC2zfYtFKS378IqVXjq8W8pQ,UK is Putting Age Verification on VPNs.  #uk #news #britishpolitics #vpn,2026-01-30T06:35:04Z,60225,468.0,no auto-flags; top view_count in event window (type quota applied),kien (accepted agent suggestions),2026-09-13T16:04:35Z
UQYo5-ORBVo,E4,news,UCz8omIXCPabFEgblrC_VIfA,Keir Starmer dealt HEAVY DEFEAT as Lords back social media BAN,2026-01-22T11:26:19Z,28428,356.0,"no auto-flags; top view_count in event window (type quota applied) | supplementary query run (D-013), title reviewed",kien (accepted agent suggestions),2026-09-13T16:04:35Z
m__kJCz2oS0,E4,tech_explainer,UCs6KfncB4OV6Vug4o_bzijg,Florida & the UK Just Ended the Private Internet.,2026-01-26T02:11:33Z,26921,368.0,no auto-flags; top view_count in event window (type quota applied),kien (accepted agent suggestions),2026-09-13T16:04:35Z
RyVN-4L_xic,E4,news,UCFQgi22Ht00CpaOQLtvZx2A,UK government considering social media ban for under-16s,2026-01-20T09:07:25Z,22478,322.0,"no auto-flags; top view_count in event window (type quota applied) | supplementary query run (D-013), title reviewed",kien (accepted agent suggestions),2026-09-13T16:04:35Z
FSIt1PI0GWQ,E4,news,UCoMdktPbSTixAyNGwb-UYkQ,UK government consulting on social media ban for under-16s,2026-01-19T23:08:12Z,14488,130.0,"no auto-flags; top view_count in event window (type quota applied) | supplementary query run (D-013), title reviewed",kien (accepted agent suggestions),2026-09-13T16:04:35Z
ULJoHX1JmT8,E4,news,UCTrQ7HXWRRxr7OsOtodr2_w,Should the UK ban social media for under-16s?,2026-01-23T09:00:49Z,12876,146.0,"no auto-flags; top view_count in event window (type quota applied) | supplementary query run (D-013), title reviewed",kien (accepted agent suggestions),2026-09-13T16:04:35Z
9Nb7P7gMcds,E4,commentary,UCKcdZS-QgVB7XJd0RwKcUHA,UK The House Of Lords Approves Ban Social Media For Under 16s No More Online Games #uk #socilmedia,2026-01-23T16:09:25Z,10165,76.0,"no auto-flags; top view_count in event window (type quota applied) | supplementary query run (D-013), title reviewed",kien (accepted agent suggestions),2026-09-13T16:04:35Z
2NeXoB9eLo4,E4,news,UC6B3kmCZJc7YMG-948t6M7w,UK social media ban for under-16s backed by Lords,2026-01-22T13:00:04Z,5717,45.0,"no auto-flags; top view_count in event window (type quota applied) | supplementary query run (D-013), title reviewed",kien (accepted agent suggestions),2026-09-13T16:04:35Z
b1vcTRfPqyY,E4,news,UCFQgi22Ht00CpaOQLtvZx2A,House of Lords backs under-16s social media ban: what do teens think? | ITV News,2026-01-22T15:53:20Z,4272,70.0,no auto-flags; top view_count in event window (type quota applied),kien (accepted agent suggestions),2026-09-13T16:04:35Z
eDU2viLekqY,E4,news,UCPFSLlkwCqpy23jwYDwAPrg,Government to hold consultation on Australian-style under-16s social media ban,2026-01-20T14:30:39Z,3019,50.0,"no auto-flags; top view_count in event window (type quota applied) | supplementary query run (D-013), title reviewed",kien (accepted agent suggestions),2026-09-13T16:04:35Z
pwK1H2mdEzM,E4,commentary,UCUPN1b06qVOupWDqM9e5SkQ,Lords Vote to Ban Social Media for Children — But the Internet Is Still the Wild West,2026-01-23T12:06:40Z,2931,87.0,no auto-flags; top view_count in event window (type quota applied),kien (accepted agent suggestions),2026-09-13T16:04:35Z
NEQ0jOncm4I,E4,tech_explainer,UCopgjSWzeNH3fWA38A9DgJw,"UK VPN BAN Explained: Why New ID Laws Are ""Dystopian"" & Impossible to Enforce",2026-01-31T19:45:55Z,1503,24.0,no auto-flags; top view_count in event window (type quota applied),kien (accepted agent suggestions),2026-09-13T16:04:35Z
QlUf8ea65G4,E5,commentary,UCtj7iOlW_b8phoC8S4jojfg,Porn Sites Are Blocking Australians And It's About To Get Worse,2026-03-07T23:00:06Z,66987,1621.0,no auto-flags; top view_count in event window (type quota applied),kien (accepted agent suggestions),2026-09-13T16:04:35Z
mdSS8Ex6W-A,E5,news,UCO0akufu9MOzyz3nvGIXAAw,Australians must now prove they are over 18 to view pornography online,2026-03-09T12:10:19Z,59597,1267.0,no auto-flags; top view_count in event window (type quota applied),kien (accepted agent suggestions),2026-09-13T16:04:35Z
gqRtfhmUprs,E5,news,UCSYDOuVmcILve7CJ9JceU2w,Why you can't watch PornHub anymore | The Daily Aus,2026-03-10T02:15:03Z,51471,122.0,"no auto-flags; top view_count in event window (type quota applied) | supplementary query run (D-013), title reviewed",kien (accepted agent suggestions),2026-09-13T16:04:35Z
r_HE45AT8NY,E5,news,UCIYLOcEUX6TbBo7HQVF2PKA,Everything to know about changes to inappropriate content access | 9 News Australia,2026-03-08T21:09:25Z,17087,288.0,no auto-flags; top view_count in event window (type quota applied),kien (accepted agent suggestions),2026-09-13T16:04:35Z
vvqxkmcpyJo,E5,news,UCIYLOcEUX6TbBo7HQVF2PKA,"R-rated video games, explicit chatbots blocked by age verification crackdown | 9 News Australia",2026-03-06T07:45:19Z,12930,211.0,no auto-flags; top view_count in event window (type quota applied),kien (accepted agent suggestions),2026-09-13T16:04:35Z
8nbE9L3Qnh4,E5,tech_explainer,UCMuireBCpjV_VjVbgF66QMw,Australia’s Porn Blockout: New Age Verification Deadlines & Social Media Ban Explained (2026),2026-03-07T22:39:44Z,7411,147.0,no auto-flags; top view_count in event window (type quota applied),kien (accepted agent suggestions),2026-09-13T16:04:35Z
GzXeRXJyaOg,E5,news,UCrOfF2_gIdlYBToUUx13Pcw,Australia’s Adult Age Checks Are Live — the Internet Reacted Immediately,2026-03-16T14:20:36Z,3133,92.0,no auto-flags; top view_count in event window (type quota applied),kien (accepted agent suggestions),2026-09-13T16:04:35Z
